{"rate_sigma_beta":1,"sigma_mu_beta":1,"sigma_depth_imp":0.5545130293761911,"n_A":10,"n_M":1,"N":20,"error_i2":[0.25,0.25,0.25,0.25,0.25,0.25,0.25,0.25,0.25,0.25],"ID":[1,2,3,4,5,6,7,8,9,10,1,2,3,4,5,6,7,8,9,10],"depth_i1":[4.17,3.62,11.01,6.1,19.1,1.68,0.88,8.65,6.43,7.39],"mu_depth_imp":2.1488427431200656,"error_i1":[0.5,0.5,0.5,0.5,0.5,0.5,0.5,0.5,0.5,0.5],"ex_2":[0,0,0,1,0,0,0,0,0,0],"mu_mu_beta":1,"depth_i2":[6.16,7.59,15.41,0.0,22.24,5.39,2.77,10.81,7.75,10.65],"d_years":3,"ex_1":[0,0,0,0,0,0,0,0,0,0]}